/*==============================================================*/
/* Insert Table : Type                                          */
/*==============================================================*/
insert into item_type values(1, "Manga");
insert into item_type values(2, "Anime");
insert into item_type values(3, "Light Novel");

/*==============================================================*/
/* Insert Table : Genre                                          */
/*==============================================================*/
insert into item_genre values("FT", "Fantasy");
insert into item_genre values("HO", "Horreur");
insert into item_genre values("SC", "Scolaire");
insert into item_genre values("AV", "Aventure");
insert into item_genre values("SF", "Science Fiction");
insert into item_genre values("PO", "Policier");
insert into item_genre values("DR", "Dramatique");
insert into item_genre values("HU", "Humoristique");
insert into item_genre values("HS", "Historique");

/*==============================================================*/
/* Insert Table : Item                                          */
/*==============================================================*/
insert into item(name, sale_date, year, author, description, thumbnails, image, item_type_id) 
	values("Hunter X Hunter", "", 2011, "Yoshihiro Togashi", "BLABLA", "a_th_hxh.png", "a_img_hxh.png", 2);
insert into item(name, sale_date, year, author, description, thumbnails, image, item_type_id) 
	values("Hunter X Hunter", "", 2011, "Yoshihiro Togashi", "BLABLA", "a_th_hxh.png", "a_img_hxh.png", 1);
insert into item(name, sale_date, year, author, description, thumbnails, image, item_type_id) 
	values("Fairy Tail", "", 2011, "Hiro Mashima", "BLABLA", "a_th_ft.png", "a_img_ft.png", 2);
insert into item(name, sale_date, year, author, description, thumbnails, image, item_type_id) 
	values("Fairy Tail", "", 2011, "Hiro Mashima", "BLABLA", "a_th_ft.png", "a_img_ft.png", 1);
insert into item(name, sale_date, year, author, description, thumbnails, image, item_type_id) 
	values("Naruto", "", 2011, "blabla", "blabla", "blalbla", "blabla", 2);
insert into item(name, sale_date, year, author, description, thumbnails, image, item_type_id) 
	values("Naruto", "", 2011, "blabla", "blabla", "blalbla", "blabla", 1);
insert into item(name, sale_date, year, author, description, thumbnails, image, item_type_id) 
	values("Hunter X Hunter", "", 2011, "", "", "", "", 2);
insert into item(name, sale_date, year, author, description, thumbnails, image, item_type_id) 
	values("Hunter X Hunter", "", 2011, "", "", "", "", 2);
insert into item(name, sale_date, year, author, description, thumbnails, image, item_type_id) 
	values("Hunter X Hunter", "", 2011, "", "", "", "", 2);
insert into item(name, sale_date, year, author, description, thumbnails, image, item_type_id) 
	values("Hunter X Hunter", "", 2011, "", "", "", "", 2);
insert into item(name, sale_date, year, author, description, thumbnails, image, item_type_id) 
	values("Hunter X Hunter", "", 2011, "", "", "", "", 2);
insert into item(name, sale_date, year, author, description, thumbnails, image, item_type_id) 
	values("Hunter X Hunter", "", 2011, "", "", "", "", 2);
insert into item(name, sale_date, year, author, description, thumbnails, image, item_type_id) 
	values("Hunter X Hunter", "", 2011, "", "", "", "", 2);
insert into item(name, sale_date, year, author, description, thumbnails, image, item_type_id) 
	values("Hunter X Hunter", "", 2011, "", "", "", "", 2);
insert into item(name, sale_date, year, author, description, thumbnails, image, item_type_id) 
	values("Hunter X Hunter", "", 2011, "", "", "", "", 2);
insert into item(name, sale_date, year, author, description, thumbnails, image, item_type_id) 
	values("Hunter X Hunter", "", 2011, "", "", "", "", 2);
insert into item(name, sale_date, year, author, description, thumbnails, image, item_type_id) 
	values("Hunter X Hunter", "", 2011, "", "", "", "", 2);
insert into item(name, sale_date, year, author, description, thumbnails, image, item_type_id) 
	values("Hunter X Hunter", "", 2011, "", "", "", "", 2);
insert into item(name, sale_date, year, author, description, thumbnails, image, item_type_id) 
	values("Hunter X Hunter", "", 2011, "", "", "", "", 2);
insert into item(name, sale_date, year, author, description, thumbnails, image, item_type_id) 
	values("Hunter X Hunter", "", 2011, "", "", "", "", 2);
insert into item(name, sale_date, year, author, description, thumbnails, image, item_type_id) 
	values("Hunter X Hunter", "", 2011, "", "", "", "", 2);
insert into item(name, sale_date, year, author, description, thumbnails, image, item_type_id) 
	values("Hunter X Hunter", "", 2011, "", "", "", "", 2);
insert into item(name, sale_date, year, author, description, thumbnails, image, item_type_id) 
	values("Hunter X Hunter", "", 2011, "", "", "", "", 2);
